{"cameraMode":{"drawMode":0,"name":"Shaded","section":"Shading Mode"},"sceneLighting":false,"audioPlay":false,"sceneViewState":{"m_AlwaysRefresh":false,"showFog":true,"showSkybox":false,"showFlares":true,"showImageEffects":true,"showParticleSystems":true,"showVisualEffectGraphs":true,"m_FxEnabled":false},"in2DMode":false,"pivot":{"x":-1.696131944656372,"y":2.3193156719207765,"z":7.165692329406738},"rotation":{"x":-0.027271678671240808,"y":0.05006004869937897,"z":-0.0013715734239667655,"w":-0.9983826279640198},"size":7.41015100479126,"orthographic":false}