{"cameraMode":{"drawMode":0,"name":"Shaded","section":"Shading Mode"},"sceneLighting":false,"audioPlay":false,"sceneViewState":{"m_AlwaysRefresh":false,"showFog":true,"showSkybox":false,"showFlares":true,"showImageEffects":true,"showParticleSystems":true,"showVisualEffectGraphs":true,"m_FxEnabled":false},"in2DMode":false,"pivot":{"x":-1.3398247957229615,"y":-6.094598293304443,"z":4.1823320388793949},"rotation":{"x":-0.22047065198421479,"y":0.010826675221323967,"z":-0.002444925718009472,"w":-0.9753354787826538},"size":11.90949535369873,"orthographic":false}